{"coefficients": [0.49429850671348763, -3.096309789733612e-06, 1.0866618235631305, -0.7818106074807212, 0.5300739008814168, -0.9129556601846269, -0.448863378381615], "intercept": 5.1514184827657745}